StudentNetID,SectionNumber
TXC533774,27024
KXM473465,53265
PXV375908,83052
RXI315044,16301
KXD490651,86783
JXD573019,46136
OXD540750,59849
DXM392864,77334
CXV744128,78668
TXS786873,29389
RXD568793,60550
VXC776718,25722
RXM371745,56137
SXE342366,59267
CXS779721,38118
GXF636093,82955
KXR433931,98151
IXB363722,12196
JXS315827,13940
NXB307001,582
CXS862325,27483
MXA807415,22636
JXG608300,12742
CXD851490,1349
SXB299961,76082
DXC528286,65805
CXB168165,62980
SXD997511,32645
MXS860185,19699
HXG215991,43372
MXD688026,15943
EXW843152,76879
MXT887651,82403
BXA995928,9493
BXW600167,51608
MXI588718,58374
VXA563089,76864
SXQ789806,42512
DXJ810886,66233
KXL638633,54380
JXC941126,28925
MXW740652,11069
MXC388390,56921
SXT869584,93551
CXB678975,43747
MXK494333,42206
CXT492751,66765
GXK857555,43323
JXT185910,7820
EXD602701,60310
TXL941112,68490
CXF142184,20232
CXR337182,11614
HXT186219,83089
NXC936714,81342
GXT260443,27720
VXK770306,45033
TXB296738,31998
DXF429859,63274
RXB130348,2200
CXB810895,82070
SXS632526,36286
CXB458092,52940
SXC872276,17691
SXM571497,48152
IXB579161,26064
TXF193037,80205
JXB985857,60517
TXB464040,90426
MXP347786,34062
BXC673335,45190
CXP366854,23024
JXE752089,61836
HXS118963,25416
IXA959849,89417
KXT142087,79301
MXA873246,56137
MXK907100,16136
DXD688642,3308
BXN496527,23631
ZXM894147,46059
AXR686602,21145
PXP639325,46320
DXS205572,52384
LXM913140,48968
AXC723749,26790
CXR961739,92274
GXG718789,69359
IXH370159,65227
TXD350574,59912
RXD728046,8076
TXP586750,81260
NXA911053,46314
NXG920372,80660
OXG829663,31869
JXD727924,14410
WXR900099,78457
HXF922283,95939
PXI529752,28004
HXW287151,26217
SXN358835,20647
MXK971592,63307
AXM308310,53764
TXD596581,54269
LXR942269,62341
RXM758661,74411
GXD720725,42704
SXS270070,6163
RXP535507,74772
AXC542596,29832
NXO902869,79643
SXD544839,81923
GXA723194,74797
DXM798918,64124
NXY544269,66486
AXB148492,6557
CXR865221,37532
BXD124869,99105
VXI889256,19363
JXW256158,93142
NXE302860,72606
BXD270375,39949
LXD303347,67632
AXR320530,38136
DXV220138,91382
EXD646469,58721
IXW686570,13108
KXO569712,70418
GXK175823,87303
TXM848250,18600
RXQ595475,68139
DXW834140,22006
SXW964184,48487
WXD399791,64089
LXW762896,27024
BXG449148,53265
VXM251324,83052
MXM632867,16301
BXF501577,86783
LXY893044,46136
AXI934403,59849
MXS733408,77334
RXS527574,78668
TXF423322,29389
MXK912492,60550
JXW602120,25722
KXC184476,56137
AXF443583,59267
BXC259645,38118
AXB971554,82955
GXS686660,98151
LXP528390,12196
CXB783505,13940
LXM891327,582
DXJ993067,27483
CXC732912,22636
HXS962694,12742
DXE728632,1349
AXD261408,76082
RXR293545,65805
WXD649262,62980
BXM659269,32645
RXM924818,19699
GXB136517,43372
JXO286737,15943
AXS180466,76879
PXA604492,82403
KXB233227,9493
MXJ181888,51608
HXG863976,58374
CXD603925,76864
FXT527361,42512
EXC293121,66233
BXH612927,54380
VXC845546,28925
NXR197829,11069
AXO424228,56921
AXA299273,93551
IXJ732929,43747
AXD761280,42206
OXN666025,66765
RXW746206,43323
HXC895962,7820
EXJ372001,60310
DXH254471,68490
BXG152245,20232
MXJ670500,11614
AXU708626,83089
IXR122823,81342
JXR232150,27720
GXF486665,45033
AXS998240,31998
VXD458853,63274
CXF386031,2200
DXB838724,82070
NXG491564,36286
SXF154891,52940
CXC993896,17691
LXD548293,48152
FXL957386,26064
JXM751249,80205
CXP995296,60517
GXC423527,90426
MXJ430911,34062
AXD906189,45190
GXD632855,23024
MXB975603,61836
MXG458587,25416
DXG223897,89417
TXJ684772,79301
CXC737224,56137
CXA576151,16136
TXH470525,3308
HXR307838,23631
EXS496714,46059
MXE383740,21145
DXS872251,46320
MXT487631,52384
HXE460804,48968
DXI573313,26790
EXP260230,92274
FXF703992,69359
CXS539281,65227
EXD643084,59912
RXB745300,8076
AXJ138731,81260
BXH367571,46314
SXS929670,80660
LXR682750,31869
LXS445651,14410
AXH370497,78457
AXS633232,95939
DXR517700,28004
JXM545395,26217
JXB191951,20647
OXK410928,63307
IXD109798,53764
KXF509731,54269
WXR691766,62341
BXH647707,74411
BXG275250,42704
MXE641990,6163
CXF119529,74772
MXH388591,29832
MXW477841,79643
BXP162979,81923
AXD225576,74797
AXH525125,64124
MXP169655,66486
UXW172756,6557
BXW744777,37532
MXB508449,99105
CXS231901,19363
MXD730212,93142
SXS300332,72606
CXE478260,39949
RXP975238,67632
JXS259247,38136
KXB910081,91382
HXL327425,58721
RXK513772,13108
BXJ103934,70418
BXS547145,87303
CXD751953,18600
CXC592271,68139
BXP555907,22006
FXC284095,48487
CXV859330,64089
FXG937948,27024
TXC513970,53265
RXB566933,83052
MXS567114,16301
CXV828583,86783
FXS734554,46136
RXB728239,59849
FXT343054,77334
MXG737333,78668
AXA667420,29389
SXT135548,60550
MXF627906,25722
AXG352418,56137
DXH769448,59267
SXT610544,38118
KXS773738,82955
BXB766449,98151
BXC654325,12196
DXB228869,13940
TXW180851,582
RXL187733,27483
KXA581382,22636
CXP882683,12742
PXC712417,1349
MXH631960,76082
CXM254646,65805
MXL249668,62980
JXO376535,32645
RXL589034,19699
NXM741356,43372
BXO313093,15943
RXC184224,76879
OXP395556,82403
TXH543734,9493
LXL274006,51608
BXV568390,58374
KXM488551,76864
EXH946060,42512
RXO678333,66233
MXB761864,54380
TXS683734,28925
SXB621492,11069
JXT689810,56921
RXS626262,93551
HXR440041,43747
CXL621385,42206
MXS375051,66765
BXF382757,43323
GXR837551,7820
GXB403223,60310
MXC378394,68490
GXW601173,20232
AXK539633,11614
GXD905638,83089
EXB350120,81342
JXQ364458,27720
GXC779101,45033
YXR167424,31998
EXO112888,63274
TXL598690,2200
DXB732547,82070
JXH330734,36286
EXT909730,52940
FXF707660,17691
AXC154541,48152
RXG314215,26064
BXL141789,80205
RXF196602,60517
MXR757082,90426
AXH159798,34062
AXN178490,45190
UXP220164,23024
RXS212222,61836
DXB923914,25416
AXS335119,89417
DXB744630,79301
FXV916719,56137
PXW972772,16136
CXN269530,3308
AXK359142,23631
OXP122022,46059
AXH106989,21145
CXM404502,46320
SXO560266,52384
MXT471865,48968
DXH364200,26790
LXW691001,92274
SXI634940,69359
BXS928525,65227
PXD871836,59912
CXH204728,8076
AXW621705,81260
BXR102443,46314
GXL995377,80660
DXC896632,31869
IXP586197,14410
JXP820093,78457
GXS260728,95939
MXT979080,28004
RXF175637,26217
MXS524934,20647
DXC161131,63307
SXD630544,53764
RXK990236,54269
GXS368663,62341
VXF660946,74411
XXM226566,42704
GXF296792,6163
HXJ827473,74772
CXF849391,29832
PXD790821,79643
FXT371550,81923
RXC846648,74797
EXS689871,64124
JXC461577,66486
AXD733998,6557
JXP706116,37532
MXH601766,99105
GXD364403,19363
SXS579104,93142
LXC894328,72606
PXD536339,39949
KXS636844,67632
SXB255028,38136
DXE265066,91382
GXW334310,58721
ZXF319070,13108
FXS654552,70418
RXW662177,87303
EXG313509,18600
FXS528732,68139
TXB588105,22006
GXM350541,48487
WXT102394,64089
TXB702496,27024
AXA462236,53265
NXS816645,83052
MXW259249,16301
EXY509156,86783
DXL919108,46136
FXF858360,59849
TXD805978,77334
AXP692209,78668
SXM656818,29389
HXD468602,60550
KXP528798,25722
HXS516241,56137
SXP484108,59267
NXI784639,38118
DXB542333,82955
NXC905722,98151
SXM149507,12196
RXW303447,13940
CXD450964,582
JXK769257,27483
HXD252277,22636
BXG927442,12742
MXT434806,1349
GXT772561,76082
MXD578577,65805
RXM491167,62980
MXD236744,32645
WXH604467,19699
SXV618925,43372
BXM521266,15943
MXG290739,76879
TXW654399,82403
DXS940985,9493
SXC263452,51608
AXH824365,58374
RXS969318,76864
AXE273576,42512
MXI546704,66233
MXF598379,54380
MXM782883,28925
GXB646495,11069
DXJ680053,56921
DXP237058,93551
CXM764108,43747
AXM116453,42206
FXC827948,66765
DXC755143,43323
VXM547052,7820
SXG628728,60310
DXJ132888,68490
KXB151596,20232
AXD335034,11614
BXT614944,83089
FXL549416,81342
BXG166629,27720
HXM685422,45033
HXC114491,31998
AXE231188,63274
SXC415956,2200
CXM109237,82070
AXN204350,36286
EXB986304,52940
PXS622012,17691
LXF734134,48152
EXO324754,26064
KXJ105423,80205
IXM370224,60517
EXA628290,90426
SXG417504,34062
RXB619680,45190
DXP306977,23024
SXP175933,61836
KXT917222,25416
KXW889965,89417
AXC298540,79301
MXS285871,56137
MXF413666,16136
NXF497680,3308
DXB576243,23631
RXN776697,46059
VXB680469,21145
JXL918298,46320
JXB449587,52384
DXF806739,48968
BXS693811,26790
BXR309801,92274
TXK811134,69359
MXS643077,65227
RXD771613,59912
CXF894016,8076
KXC109757,81260
DXE209024,46314
RXY692802,80660
IXF967973,31869
SXR751228,14410
RXF932428,78457
CXM922201,95939
TXB770721,28004
AXB430940,26217
VXM294697,20647
KXB142336,63307
CXM539644,53764
FXT621543,54269
CXS622463,62341
JXL670887,74411
NXF503682,42704
BXC687959,6163
LXC440542,74772
AXD982682,29832
MXR131190,79643
KXP197106,81923
DXW534543,74797
CXT124984,64124
HXR142919,66486
SXR707710,6557
TXA947388,37532
TXM964856,99105
LXJ725183,19363
KXL546550,93142
KXM687161,72606
SXS240767,39949
RXE330683,67632
EXB886455,38136
EXP137942,91382
AXK513571,58721
BXI936279,13108
JXC218444,70418
FXK235618,87303
WXD400772,18600
KXG685391,68139
AXM760225,22006
GXS523677,48487
KXK554732,64089
LXN149409,27024
FXW850920,53265
CXO192864,83052
LXS330122,16301
EXA439532,86783
CXB325369,46136
CXM340400,59849
EXA655404,77334
JXE988609,78668
TXT850043,29389
TXP966266,60550
ZXK478552,25722
CXR365338,56137
GXC905043,59267
CXL241057,38118
LXB458653,82955
ZXS757073,98151
DXM853418,12196
LXH449452,13940
EXW615978,582
SXT182497,27483
RXB988825,22636
KXH597974,12742
MXL838161,1349
RXB124473,76082
NXT808848,65805
BXB298655,62980
MXM873832,32645
DXJ426075,19699
HXT243851,43372
TXT275418,15943
EXL172156,76879
JXM115997,82403
HXA990409,9493
EXS930568,51608
BXE851786,58374
ZXC313719,76864
LXP649584,42512
MXB537570,66233
SXS245095,54380
AXH496256,28925
LXQ451513,11069
EXB830703,56921
FXL458230,93551
DXV898002,43747
CXC645362,42206
AXG510270,66765
CXM892887,43323
MXD188624,7820
JXC560284,60310
OXM693669,68490
PXC485272,20232
AXB740806,11614
EXR511063,83089
JXD760847,81342
KXC268115,27720
FXB316617,45033
WXG977779,31998
CXR572990,63274
OXM368570,2200
GXB631089,82070
ZXT414860,36286
TXA972465,52940
KXP796310,17691
DXM658237,48152
BXS450488,26064
DXB262453,80205
BXG983236,60517
DXN932165,90426
GXM820061,34062
EXM643096,45190
SXG912124,23024
LXB211002,61836
PXA274381,25416
BXV388860,89417
GXH499119,79301
CXG254215,56137
KXC170161,16136
GXP819484,3308
LXR377728,23631
OXW399227,46059
TXR770537,21145
FXF637669,46320
CXM284681,52384
FXF146577,48968
MXC675089,26790
CXN481937,92274
FXI568491,69359
FXA772322,65227
CXT430161,59912
JXW291281,8076
VXB992102,81260
MXM673414,46314
GXL698993,80660
VXM976625,31869
MXT856901,14410
JXS395486,78457
KXV978322,95939
BXG271855,28004
TXR168620,26217
SXA562289,20647
FXH332510,63307
RXS951711,53764
MXL899590,54269
WXA340338,62341
CXC312714,74411
HXE997112,42704
MXS315071,6163
FXR297864,74772
BXB956526,29832
JXI154508,79643
MXD272124,81923
BXL854269,74797
RXL677456,64124
BXD782658,66486
PXO687943,6557
BXS732910,37532
CXP102982,99105
VXM300947,19363
PXP786908,93142
LXH117679,72606
HXB755827,39949
CXF630432,67632
MXP630207,38136
MXH327163,91382
PXP185451,58721
DXT922846,13108
MXB912194,70418
JXP279545,87303
HXP451948,18600
KXD476957,68139
WXC830943,22006
AXJ734088,48487
NXW482011,64089
EXL961045,27024
CXB950509,53265
PXC265334,83052
JXf262316,16301
SXC509389,86783
BXD887044,46136
EXK312878,59849
QXJ367347,77334
NXL647235,78668
PXG256162,29389
EXS469367,60550
KXB530529,25722
GXH712957,56137
CXW456191,59267
PXM493821,38118
SXH439538,82955
GXF640597,98151
PXR206724,12196
DXM333522,13940
MXM960727,582
TXL895509,27483
MXM605756,22636
DXM156024,12742
MXH561474,1349
EXL724060,76082
HXA596604,65805
MXS608678,62980
CXI930724,32645
TXM716037,19699
KXR712047,43372
NXW863775,15943
CXR236852,76879
GXR183008,82403
KXB968221,9493
HXF140817,51608
BXS852780,58374
YXI892332,76864
PXE875716,42512
PXD833274,66233
NXO858528,54380
IXT342504,28925
EXA528320,11069
BXH713997,56921
JXM955636,93551
OXL734238,43747
SXD291043,42206
OXJ216565,66765
EXW638427,43323
PXB534714,7820
PXH520937,60310
FXG725505,68490
VXB117253,20232
JXK926365,11614
MXC492945,83089
JXS800250,81342
TXC561934,27720
PXE488767,45033
EXE535964,31998
MXH871349,63274
YXL419619,2200
RXN298131,82070
CXF830345,36286
FXM208797,52940
JXL700486,17691
AXE505545,48152
BXR593314,26064
VXW645141,80205
FXQ278967,60517
NXC557327,90426
SXY110565,34062
TXC373882,45190
JXG420688,23024
LXM350001,61836
EXS957467,25416
RXJ650257,89417
ZXB824432,79301
FXO951894,56137
EXS183166,16136
JXM478699,3308
LXH314710,23631
TXF324892,46059
AXB467988,21145
WXL529994,46320
MXC217261,52384
PXJ151737,48968
CXM238021,26790
MXB285310,92274
SXB885829,69359
OXM319912,65227
AXD250663,59912
LXB790547,8076
AXT462158,81260
MXM474079,46314
PXO722831,80660
AXS506240,31869
SXB424226,14410
IXR461231,78457
HXM274172,95939
CXT612714,28004
JXP753313,26217
ZXC529277,20647
CXS729596,63307
CXM894998,53764
GXB320457,54269
RXV976387,62341
SXS717162,74411
TXP459497,42704
AXO656097,6163
DXS907005,74772
RXF502366,29832
SXW225689,79643
GXS513238,81923
AXP363299,74797
FXR581336,64124
JXS383844,66486
PXC665007,6557
GXF398849,37532
CXP493017,99105
CXT609647,19363
RXF524149,93142
GXB924928,72606
NXA582165,39949
NXC126300,67632
FXS250526,38136
SXC245394,91382
IXA415481,58721
PXC812161,13108
IXF236041,70418
MXB239459,87303
MXT305094,18600
WXL906226,68139
HXH436079,22006
HXM358497,48487
RXM723036,64089
EXK679384,27024
MXF756384,53265
RXH467312,83052
FXO813329,16301
HXK748339,86783
PXD302336,46136
AXE792919,59849
LXR810624,77334
ZXA576153,78668
LXB227815,29389
FXM403290,60550
AXG119587,25722
MXS858957,56137
CXE109838,59267
EXB532084,38118
MXC981589,82955
CXB256348,98151
CXS200789,12196
UXS116210,13940
GXV640872,582
MXJ206427,27483
EXS528930,22636
MXP688205,12742
BXD589825,1349
JXM896887,76082
WXF567836,65805
JXR194657,62980
PXD279268,32645
IXB186424,19699
TXW819011,43372
BXV503089,15943
LXO639822,76879
AXB463079,82403
WXP523985,9493
NXD854693,51608
HXM750525,58374
DXC325113,76864
KXH567835,42512
TXG792314,66233
CXH986868,54380
MXL481520,28925
FXB635929,11069
JXA560329,56921
JXP778773,93551
TXB408541,43747
AXM484324,42206
CXJ960952,66765
NXS904133,43323
BXD270120,7820
PXR755720,60310
MXM133396,68490
EXH875635,20232
IXA259702,11614
RXG504690,83089
AXM183091,81342
AXE689298,27720
TXC575252,45033
BXD128280,31998
KXP205764,63274
LXG184751,2200
CXN653039,82070
BXS347570,36286
MXD781634,52940
OXA714495,17691
AXS838596,48152
CXG295714,26064
CXF676550,80205
BXR504078,60517
VXD105187,90426
GXE986197,34062
SXK274297,45190
BXI772727,23024
KXS299110,61836
AXC145984,25416
DXD562484,89417
CXH223015,79301
SXM773470,56137
MXW927606,16136
JXD290034,3308
RXL817823,23631
CXV264638,46059
CXM286120,21145
AXB730727,46320
KXV903580,52384
OXC983234,48968
JXA678789,26790
CXD754280,92274
BXP492778,69359
CXS584690,65227
GXP780785,59912
MXB141702,8076
BXM919587,81260
JXP937010,46314
TXR950927,80660
KXM417781,31869
EXW526246,14410
MXS194884,78457
SXE963848,95939
CXK685831,28004
FXM881186,26217
PXJ610605,20647
VXM612628,63307
AXK525020,53764
FXS465087,54269
HXd324426,62341
DXB799007,74411
RXG818151,42704
NXG462070,6163
GXZ793764,74772
AXL259673,29832
VXL436307,79643
ZXR735811,81923
KXC300726,74797
MXS452648,64124
JXT224486,66486
TXH646275,6557
TXT597067,37532
ZXC125244,99105
LXC168164,19363
KXC352903,93142
DXR980478,72606
LXI421589,39949
LXG450702,67632
PXR530165,38136
OXC439026,91382
AXM493800,58721
KXM184361,13108
DXE261790,70418
CXL499282,87303
TXG350027,18600
ZXR883985,68139
OXS887375,22006
AXR612028,48487
CXC545949,64089
MXJ917543,27024
SXT740391,53265
SXT716420,83052
BXS396975,16301
NXG587198,86783
BXG406650,46136
MXB831772,59849
MXR322601,77334
UXP602919,78668
RXN361578,29389
KXI375369,60550
HXD679386,25722
JXC505807,56137
MXF971252,59267
JXT881793,38118
RXH688774,82955
DXJ824673,98151
DXB304101,12196
DXL405103,13940
CXS793433,582
HXA935209,27483
TXS802605,22636
AXH166774,12742
LXO666286,1349
DXM955458,76082
RXB274333,65805
CXW939307,62980
WXC856071,32645
EXR156432,19699
MXM650925,43372
MXP651438,15943
WXH189134,76879
GXP379718,82403
EXT647921,9493
MXF101285,51608
AXH884368,58374
FXR476357,76864
NXM626719,42512
LXM781484,66233
MXB311487,54380
JXS820570,28925
JXE626122,11069
HXF248250,56921
FXS906877,93551
MXI111013,43747
XXB767725,42206
SXT659731,66765
MXT962328,43323
HXW511187,7820
BXR783095,60310
CXS310276,68490
JXP339592,20232
JXD466601,11614
EXK160414,83089
AXT928496,81342
GXF950053,27720
GXV929933,45033
CXW292065,31998
MXT437520,63274
CXP517357,2200
LXR731223,82070
KXS709773,36286
MXP490434,52940
KXR416092,17691
IXS602579,48152
KXI555668,26064
TXD868807,80205
AXW348908,60517
BXM822092,90426
BXI642098,34062
DXK308116,45190
CXB826398,23024
RXH796224,61836
CXC528907,25416
JXM794921,89417
VXd246718,79301
SXP273689,56137
AXP352255,16136
DXP951064,3308
MXS660714,23631
OXS934252,46059
DXK308829,21145
EXQ770501,46320
KXR529856,52384
DXC323760,48968
CXC419941,26790
BXS879282,92274
MXP443295,69359
PXL810590,65227
RXD420228,59912
DXN204521,8076
CXC177883,81260
AXF508876,46314
KXA871201,80660
MXR887028,31869
WXD140220,14410
XXD659618,78457
KXO546589,95939
AXW151965,28004
CXS449497,26217
TXJ279726,20647
JXS289261,63307
FXW850441,53764
MXB644201,54269
MXS333001,62341
IXE984796,74411
FXS164111,42704
CXV298515,6163
CXJ741800,74772
IXR824634,29832
AXS175778,79643
GXM921949,81923
CXF888288,74797
HXS942919,64124
HXB198929,66486
WXM894926,6557
GXK998166,37532
MXB774229,99105
LXE158618,19363
FXM906063,93142
TXD172153,72606
TXB648136,39949
CXK827470,67632
SXG353764,38136
TXB824601,91382
HXH646403,58721
VXM216429,13108
AXL910789,70418
WXD224149,87303
EXT282270,18600
FXT912492,68139
MXM601940,22006
TXC253639,48487
AXH628262,64089
BXN858997,27024
JXB550234,53265
SXS458057,83052
AXG300439,16301
RXT657191,86783
TXC945433,46136
GXD110157,59849
LXA138353,77334
GXB141841,78668
CXM476184,29389
PXC299668,60550
IXY227663,25722
LXC496154,56137
TXP855743,59267
RXI295383,38118
LXS847662,82955
WXF364526,98151
HXP289510,12196
LXW951661,13940
SXA542558,582
UXW913833,27483
BXR650712,22636
MXL999430,12742
WXS107456,1349
JXG437256,76082
FXB897003,65805
BXO990523,62980
IXK937764,32645
FXM245819,19699
KXL666795,43372
LXB210237,15943
AXS561916,76879
DXB421146,82403
GXJ696644,9493
MXM224647,51608
BXW134485,58374
MXG556735,76864
TXI659968,42512
MXK894412,66233
AXC964133,54380
CXH805110,28925
KXH556478,11069
RXT447111,56921
LXB552970,93551
MXH774465,43747
LXB201202,42206
ZXP589326,66765
JXP686807,43323
JXC151632,7820
CXK454161,60310
SXV655090,68490
EXL921121,20232
AXG237517,11614
TXG344766,83089
CXB520727,81342
AXH441829,27720
HXG683748,45033
BXK139718,31998
JXL359769,63274
SXV922243,2200
IXE746522,82070
AXF191481,36286
BXL975756,52940
CXG361747,17691
KXS440043,48152
CXK433972,26064
CXD279723,80205
MXB998488,60517
RXK896239,90426
JXF162399,34062
TXC580332,45190
JXC648072,23024
CXV305754,61836
KXB651901,25416
LXR943786,89417
KXF806348,79301
TXS615530,56137
JXM482954,16136
RXT142180,3308
DXS333262,23631
TXB291388,46059
MXR634199,21145
YXM343353,46320
AXB563026,52384
BXM789593,48968
BXV190846,26790
FXS395506,92274
WXB628879,69359
CXP840315,65227
VXT273060,59912
WXP748647,8076
BXR419961,81260
EXL570309,46314
HXA987293,80660
BXL604721,31869
AXH113107,14410
SXB843754,78457
SXW873495,95939
LXF259429,28004
DXR986620,26217
KXR885767,20647
TXD535522,63307
AXB699860,53764
HXM347903,54269
MXM159903,62341
LXB488702,74411
FXD775204,42704
PXC308937,6163
AXL460141,74772
BXK976041,29832
KXY430413,79643
LXB847397,81923
IXK215643,74797
TXH478557,64124
KXB956331,66486
MXH256310,6557
BXT520552,37532
DXW195933,99105
DXV757030,19363
GXM741937,93142
CXS153090,72606
BXD712003,39949
AXN919113,67632
JXC921269,38136
PXF926513,91382
MXB136576,58721
SXT388363,13108
BXL280036,70418
KXE372396,87303
AXC390634,18600
AXH634487,68139
TXL725093,22006
WXB894987,48487
BXP676333,64089
EXM921445,27024
SXL270790,53265
TXH218997,83052
FXB358476,16301
LXB580970,86783
GXM894625,46136
WXD916260,59849
LXB194747,77334
DXA183428,78668
FXW863179,29389
AXD163695,60550
EXC558513,25722
KXD163331,56137
JXG305909,59267
NXO155344,38118
KXH947269,82955
TXD384677,98151
AXS295208,12196
CXH993462,13940
BXV412472,582
HXO426524,27483
PXS348622,22636
NXB767833,12742
CXP480186,1349
RXW691281,76082
CXD986282,65805
EXR824127,62980
JXA777513,32645
GXS244330,19699
JXC230408,43372
CXL653748,15943
IXH776486,76879
YXP337004,82403
LXR947129,9493
MXG716724,51608
JXB947331,58374
PXA347912,76864
JXP652255,42512
IXP582807,66233
HXS249140,54380
SXF518107,28925
VXC162613,11069
BXB855212,56921
KXL735204,93551
FXD335828,43747
RXC215566,42206
SXW425578,66765
VXW842738,43323
MXG432646,7820
MXA911122,60310
TXC986008,68490
CXP336371,20232
DXK285402,11614
KXK550025,83089
PXY380540,81342
FXN447414,27720
FXP501624,45033
IXV793876,31998
JXB147738,63274
BXI610535,2200
NXJ500370,82070
GXE721265,36286
JXL421074,52940
MXR266184,17691
KXC441275,48152
BXR712280,26064
GXH336722,80205
PXF106915,60517
DXJ880051,90426
SXL910817,34062
LXS910965,45190
CXK435709,23024
LXA889148,61836
AXF180970,25416
NXB718462,89417
DXA846756,79301
SXG402039,56137
JXD605395,16136
OXP252758,3308
JXC382246,23631
SXH933371,46059
LXR492438,21145
KXS130286,46320
RXF376346,52384
BXK699553,48968
MXB139039,26790
MXS401419,92274
LXK222246,69359
TXH799554,65227
CXL420687,59912
TXD675130,8076
TXP555756,81260
GXB153108,46314
KXR905077,80660
MXL135485,31869
CXH761213,14410
PXS103878,78457
CXM494056,95939
JXS566037,28004
AXR529667,26217
EXP931929,20647
YXC352787,63307
KXN388173,53764
KXT110283,54269
LXC200056,62341
CXW166951,74411
LXB246835,42704
LXG379628,6163
IXF325654,74772
BXE109133,29832
LXY863902,79643
MXF533643,81923
AXS424527,74797
BXB557439,64124
KXG397849,66486
WXS887393,6557
LXM449207,37532
FXL985058,99105
BXW944668,19363
WXS833191,93142
WXO966503,72606
SXG480463,39949
CXG356805,67632
TXC904398,38136
TXG531657,91382
RXB807961,58721
AXB877453,13108
BXE853659,70418
CXK724802,87303
MXK167371,18600
MXG970390,68139
GXS668465,22006
JXM704599,48487
AXG502236,64089
GXM790614,27024
RXS277664,53265
MXW179002,83052
SXI338271,16301
HXF540744,86783
AXK518127,46136
BXL746702,59849
OXR357363,77334
KXO765130,78668
DXW844236,29389
JXG661275,60550
BXL140377,25722
OXC128408,56137
AXA584325,59267
CXP637674,38118
JXP188637,82955
GXE669200,98151
AXT205374,12196
NXL881126,13940
EXS174422,582
LXR852658,27483
HXM146763,22636
KXC578222,12742
RXY971381,1349
LXR858789,76082
TXP909331,65805
EXM121489,62980
VXH296442,32645
GXD659357,19699
AXP412551,43372
RXH287103,15943
JXG507714,76879
JXO807960,82403
OXC403337,9493
AXS232057,51608
NXT527753,58374
JXT798972,76864
PXL267544,42512
HXP731703,66233
PXL263887,54380
SXT455061,28925
EXS271765,11069
TXG505189,56921
KXA945427,93551
CXW126673,43747
AXS186956,42206
LXG329790,66765
EXA532142,43323
JXG621739,7820
GXE945228,60310
KXD620008,68490
GXM964489,20232
DXR996904,11614
BXS465284,83089
AXH369553,81342
KXD361305,27720
FXR381784,45033
LXA817570,31998
AXP464064,63274
CXT570088,2200
BXT593501,82070
PXW513947,36286
LXA723873,52940
MXB653607,17691
CXJ440461,48152
AXP444602,26064
GXR103770,80205
MXS586199,60517
NXF589252,90426
JXG667041,34062
LXB341919,45190
CXK157860,23024
JXH973996,61836
MXM134688,25416
RXB531540,89417
DXF544383,79301
RXA228958,56137
DXC619042,16136
SXD482644,3308
MXS508971,23631
TXB503861,46059
AXH420789,21145
NXC877054,46320
UXP424323,52384
JXT765736,48968
BXP125068,26790
KXK921963,92274
AXB611971,69359
FXO443999,65227
EXC973817,59912
MXW422099,8076
TXA981069,81260
JXB645023,46314
LXD843095,80660
CXB591009,31869
KXP730306,14410
AXA733610,78457
WXF629035,95939
KXM120706,28004
MXF376997,26217
AXB404395,20647
DXH442712,63307
LXB609515,53764
RXD177467,54269
AXC746191,62341
CXD385833,74411
SXC927026,42704
TXP694466,6163
MXH216146,74772
CXL731131,29832
HXR322800,79643
FXE936650,81923
LXG585298,74797
MXD553864,64124
EXH725960,66486
CXM845093,6557
PXC430842,37532
EXW689526,99105
LXP420274,19363
SXC403857,93142
DXD273765,72606
AXF465781,39949
AXG871874,67632
BXS586985,38136
GXS815959,91382
MXS932460,58721
AXP857111,13108
EXT908638,70418
CXC647481,87303
SXD472901,18600
CXH147154,68139
DXB461110,22006
HXB336177,48487
AXL271655,64089
LXS198932,27024
RXM958001,53265
MXC859388,83052
BXS545654,16301
AXF998203,86783
NXK309486,46136
CXM183724,59849
SXT168848,77334
SXK971139,78668
KXW800683,29389
HXR760429,60550
TXW191842,25722
DXH162908,56137
AXP610751,59267
SXT852634,38118
RXE201420,82955
BXD436619,98151
YXM460572,12196
BXE851465,13940
JXC117248,582
DXB623522,27483
HXM198699,22636
JXC594349,12742
LXG797329,1349
GXD428425,76082
BXD432061,65805
AXO475400,62980
MXL989070,32645
CXM152656,19699
GXA521131,43372
AXL322621,15943
NXT897798,76879
JXC306269,82403
MXT234057,9493
TXD889695,51608
MXJ204083,58374
TXS703703,76864
BXP495079,42512
JXI726676,66233
FXQ916088,54380
EXG664500,28925
AXB696188,11069
GXF150667,56921
JXS918568,93551
PXM766332,43747
CXH956988,42206
EXM283240,66765
MXK448656,43323
AXB700713,7820
TXF181387,60310
SXA114191,68490
KXM744320,20232
RXT968498,11614
GXL357941,83089
KXM707960,81342
MXG233342,27720
CXF109685,45033
PXG174919,31998
DXM356634,63274
LXR161503,2200
CXT913126,82070
CXF239845,36286
WXM604992,52940
NXH497082,17691
DXG821795,48152
GXD863194,26064
HXK483864,80205
HXB619489,60517
RXS723016,90426
CXF906051,34062
CXC613844,45190
FXR803439,23024
BXW550041,61836
GXK346639,25416
TXO313086,89417
AXP861682,79301
RXS217080,56137
GXF625354,16136
EXT895892,3308
HXF425024,23631
GXA763307,46059
JXK833018,21145
PXC328434,46320
CXC125382,52384
AXG975914,48968
WXF567301,26790
BXW317556,92274
RXL821751,69359
TXB188472,65227
JXM984854,59912
MXB432659,8076
HXB953660,81260
SXS178787,46314
IXK221899,80660
LXF549436,31869
AXK524844,14410
PXM261712,78457
CXB104140,95939
MXA290944,28004
GXS193883,26217
TXB309943,20647
PXW441134,63307
GXS567505,53764
RXP442732,54269
WXK780912,62341
SXA393517,74411
AXB502001,42704
DXF468233,6163
NXH449146,74772
BXT134675,29832
EXM988467,79643
AXI275420,81923
CXG135171,74797
AXE173918,64124
DXC767704,66486
LXL176338,6557
MXB917937,37532
EXC568359,99105
JXN209946,19363
LXW397746,93142
AXM992399,72606
DXB299532,39949
TXG998285,67632
AXK181955,38136
CXB777536,91382
LXS290674,58721
LXS106542,13108
CXG514401,70418
EXd168175,87303
GXK817011,18600
BXS981942,68139
KXE896748,22006
CXG433406,48487
DXD393370,64089
HXC436229,27024
MXW554826,53265
HXF869467,83052
VXC314387,16301
RXM808817,86783
PXS924593,46136
FXH797846,59849
SXG104600,77334
FXW508184,78668
KXG594435,29389
KXK701019,60550
KXA757608,25722
OXL490445,56137
VXD299407,59267
MXH524223,38118
LXM114668,82955
PXA427832,98151
KXB713833,12196
KXB101101,13940
BXM821509,582
AXT201270,27483
DXH575565,22636
RXH744049,12742
GXC743647,1349
CXB962292,76082
KXB345378,65805
RXL497675,62980
JXS984973,32645
FXY175410,19699
DXE328478,43372
LXK717428,15943
LXC965240,76879
TXK964476,82403
CXB271531,9493
IXD930523,51608
FXA346080,58374
JXJ496734,76864
NXJ299194,42512
SXR215719,66233
IXB165888,54380
DXK804957,28925
HXG125970,11069
AXF259066,56921
MXR486129,93551
EXB680095,43747
AXF398489,42206
FXL917963,66765
AXS158996,43323
SXB245802,7820
MXR619124,60310
LXO411423,68490
DXM915426,20232
LXM734593,11614
EXW311035,83089
KXM649794,81342
PXS973292,27720
BXH167301,45033
HXM254573,31998
EXM442841,63274
DXC268617,2200
BXB693263,82070
EXE712297,36286
MXK849344,52940
BXS726001,17691
GXD391625,48152
CXH158323,26064
KXR848062,80205
MXM379998,60517
GXB121886,90426
JXA705317,34062
LXF423890,45190
MXR867812,23024
IXS985697,61836
AXA947953,25416
MXP329869,89417
SXB347312,79301
MXP670158,56137
LXP649584,16136
SXM594557,3308
JXH219105,23631
MXK571031,46059
MXS826018,21145
AXK789517,46320
EXR723007,52384
FXS450577,48968
JXK687313,26790
JXK411668,92274
AXM677959,69359
AXC177915,65227
SXM362091,59912
WXG559148,8076
IXB730926,81260
AXR115223,46314
GXR857064,80660
DXT345589,31869
RXF262909,14410
TXG695470,78457
KXG468812,95939
EXG852363,28004
EXC361323,26217
SXP756962,20647
PXH149792,63307
AXS155540,53764
DXH142441,54269
HXD285322,62341
RXW582279,74411
JXM453705,42704
AXH168649,6163
RXJ125956,74772
EXR406310,29832
WXN662934,79643
JXC844389,81923
DXK760183,74797
MXK447426,64124
AXD280539,66486
LXH878454,6557
JXS549433,37532
EXD345528,99105
RXW309237,19363
CXA744405,93142
AXS768775,72606
KXP732480,39949
AXM963799,67632
BXB625889,38136
AXB130096,91382
CXA716070,58721
DXS457174,13108
WXC781729,70418
DXM281910,87303
DXG362858,18600
CXB267434,68139
DXL653260,22006
GXK428676,48487
FXL591703,64089
RXW964132,27024
PXH800688,53265
AXB323925,83052
JXR906760,16301
BXS227333,86783
AXG728270,46136
RXS596247,59849
JXW730846,77334
PXM950233,78668
JXZ794491,29389
NXH602902,60550
BXB372479,25722
MXF886399,56137
AXC346485,59267
TXL562472,38118
BXM551286,82955
BXG471789,98151
LXH880772,12196
RXP863914,13940
MXP974540,582
CXB564954,27483
KXK289731,22636
JXL562971,12742
LXC980549,1349
MXV457094,76082
SXE571823,65805
TXD122508,62980
BXD145553,32645
AXS342934,19699
MXL654413,43372
CXI340072,15943
MXJ220832,76879
CXL165815,82403
NXG100491,9493
CXM747642,51608
EXP973166,58374
LXM634838,76864
CXI567950,42512
FXP180375,66233
KXB305219,54380
MXE870912,28925
HXB544349,11069
IXB131411,56921
BXG581930,93551
ZXC475606,43747
PXM894426,42206
FXB861545,66765
CXJ773227,43323
CXR279544,7820
AXB390750,60310
LXB539657,68490
TXI422378,20232
AXM794136,11614
EXM276627,83089
AXG642983,81342
TXJ473764,27720
RXH550703,45033
GXF571355,31998
TXG627422,63274
KXL754200,2200
AXM306392,82070
CXM992522,36286
PXA925226,52940
LXB916415,17691
MXG889379,48152
LXE165157,26064
SXR200296,80205
JXL596594,60517
TXL596720,90426
PXD750029,34062
RXB680548,45190
VXF336410,23024
RXP605540,61836
FXM752010,25416
BXM611363,89417
WXM450334,79301
KXB859554,56137
JXJ863353,16136
JXJ328359,3308
DXA361775,23631
RXE414567,46059
MXB906557,21145
WXM972480,46320
RXA832391,52384
GXE208125,48968
SXB236500,26790
MXG433197,92274
DXS461658,69359
MXR149478,65227
MXF832465,59912
GXR404207,8076
TXK340587,81260
AXP457146,46314
MXB828915,80660
HXC234227,31869
SXM382907,14410
LXD185888,78457
MXM835946,95939
DXK751410,28004
XXC336231,26217
LXB896306,20647
AXC259998,63307
MXU227179,53764
MXR722890,54269
EXI912520,62341
PXO305756,74411
HXG407065,42704
HXB172891,6163
PXS617761,74772
SXE687753,29832
KXG133893,79643
DXw564254,81923
EXC453944,74797
HXL361000,64124
MXC102044,66486
FXN146840,6557
CXT999988,37532
GXR183880,99105
TXM915160,19363
BXD191638,93142
MXM999967,72606
BXL382092,39949
HXL132730,67632
DXD163612,38136
VXW410540,91382
AXM608746,58721
YXE481553,13108
JXA874998,70418
MXC659267,87303
DXK948233,18600
DXM757018,68139
GXB447126,22006
BXW368859,48487
MXS621341,64089
BXW291642,27024
TXT715796,53265
YXW595644,83052
IXB945016,16301
GXR684094,86783
AXS573922,46136
TXM419779,59849
GXA335560,77334
PXN241726,78668
CXA853053,29389
MXD925591,60550
IXG725125,25722
RXG112736,56137
JXS198546,59267
SXM412629,38118
KXH297765,82955
HXB848751,98151
LXB147062,12196
GXM113890,13940
BXC922211,582
UXE289196,27483
BXL951891,22636
SXG327352,12742
DXD815849,1349
RXH512809,76082
HXT486777,65805
LXS543316,62980
CXS533892,32645
RXO857804,19699
CXS277112,43372
PXB281402,15943
DXP223574,76879
EXS200089,82403
NXL940166,9493
CXS805466,51608
GXC317669,58374
GXG871673,76864
YXC575659,42512
DXM595934,66233
DXP271097,54380
NXC228365,28925
MXB680110,11069
IXD948565,56921
RXG721342,93551
PXG857584,43747
WXT766411,42206
JXM617770,66765
BXE734389,43323
EXW688454,7820
DXW649004,60310
CXJ364259,68490
DXG329875,20232
NXC324131,11614
AXT562901,83089
DXB358034,81342
BXK710917,27720
OXG902072,45033
AXL521210,31998
WXI471124,63274
GXW455586,2200
LXD726800,82070
BXS729139,36286
EXB304239,52940
RXD528803,17691
PXF694945,48152
FXA101968,26064
KXH653965,80205
HXS117132,60517
MXT201815,90426
WXD961852,34062
SXS124367,45190
MXW283600,23024
HXG532909,61836
DXD460328,25416
DXG833922,89417
AXC834487,79301
JXO587919,56137
LXM527289,16136
GXD219617,3308
HXB601952,23631
CXC839894,46059
VXF413652,21145
GXH461201,46320
SXF952767,52384
VXJ806691,48968
AXB191350,26790
IXR329201,92274
CXH178195,69359
RXB125852,65227
VXM210316,59912
MXS380031,8076
FXD123966,81260
EXL352927,46314
DXO758777,80660
TXM610270,31869
NXM783483,14410
BXC750319,78457
HXH303606,95939
FXG421494,28004
RXS637964,26217
CXT943584,20647
SXA336863,63307
LXT525578,53764
GXC769634,54269
LXC650675,62341
EXS251825,74411
PXW673469,42704
OXM279718,6163
JXB286021,74772
CXO976159,29832
RXC997201,79643
SXD738775,81923
VXA274101,74797
SXS535937,64124
GXR747669,66486
JXL687771,6557
LXP120440,37532
KXD866541,99105
TXH335470,19363
NXW271174,93142
WXD466996,72606
PXG211366,39949
JXV556370,67632
SXA144097,38136
EXB113903,91382
KXD962224,58721
CXM826148,13108
BXG677217,70418
PXG968763,87303
GXZ758012,18600
BXA836915,68139
AXH807647,22006
CXR978222,48487
TXV170082,64089
EXH992918,27024
ZXF261761,53265
RXL576173,83052
SXM929935,16301
RXG623596,86783
DXC947118,46136
AXP751135,59849
GXH571701,77334
BXK307157,78668
TXT574367,29389
AXJ481486,60550
RXS563149,25722
DXG628067,56137
BXB119085,59267
KXF771619,38118
MXL479847,82955
NXD688056,98151
AXF840916,12196
TXB228249,13940
BXD768943,582
WXH327030,27483
SXM876500,22636
MXG213663,12742
AXC296262,1349
JXH534671,76082
EXG750413,65805
AXU268147,62980
BXM429156,32645
CXO634863,19699
GXG351511,43372
DXB197480,15943
EXC477025,76879
JXK459922,82403
LXA704728,9493
KXM357771,51608
DXD357007,58374
BXM209667,76864
MXS434451,42512
DXC493616,66233
LXI150765,54380
KXG455583,28925
FXS649955,11069
VXF535077,56921
NXL722695,93551
GXP220828,43747
PXE883419,42206
FXJ365808,66765
OXB384430,43323
AXH591821,7820
DXH567414,60310
JXW147461,68490
MXS930584,20232
AXS855429,11614
OXG863403,83089
JXW823937,81342
EXR623615,27720
MXD741082,45033
EXM682113,31998
PXE946737,63274
EXS874630,2200
FXM361184,82070
HXB834858,36286
EXD604108,52940
JXH592032,17691
RXS732226,48152
DXF777416,26064
NXB319903,80205
AXP865415,60517
RXG969077,90426
TXO242372,34062
IXB173838,45190
OXP884373,23024
CXT294786,61836
LXD482395,25416
RXH979043,89417
MXD839788,79301
JXP838229,56137
KXD125171,16136
CXS365426,3308
HXI258638,23631
SXH707929,46059
RXS137724,21145
CXF842413,46320
SXH319203,52384
RXD203465,48968
FXB988277,26790
IXT799599,92274
LXF277638,69359
JXG970603,65227
HXS198548,59912
LXB564298,8076
BXS250307,81260
JXO508521,46314
GXM863242,80660
IXC514263,31869
HXH661414,14410
WXL125198,78457
GXC769441,95939
WXD278942,28004
OXD583207,26217
AXC320057,20647
NXI612303,63307
SXD329553,53764
NXJ745372,54269
MXD419977,62341
JXD679612,74411
TXB108780,42704
RXC754463,6163
CXB104847,74772
JXT141359,29832
IXB278531,79643
RXC653923,81923
JXW373204,74797
SXV514366,64124
MXQ605502,66486
NXK503964,6557
DXC171315,37532
HXM430832,99105
KXT827939,19363
MXK278238,93142
CXM448990,72606
IXS651131,39949
GXH507141,67632
AXM692357,38136
RXM444188,91382
UXE435584,58721
RXF215416,13108
UXG533778,70418
IXS958575,87303
GXM452560,18600
TXJ564487,68139
PXS437947,22006
SXH744398,48487
DXC669037,64089
CXB212356,27024
BXW930276,53265
LXP371623,83052
TXA834483,16301
VXB513856,86783
UXW178393,46136
AXR732483,59849
BXD497020,77334
SXM731637,78668
SXJ263314,29389
EXL117910,60550
FXT451006,25722
LXK796922,56137
LXK955380,59267
DXU351867,38118
RXO812430,82955
AXS795899,98151
PXH455815,12196
HXF112637,13940
DXR389474,582
RXD790384,27483
DXC798289,22636
JXB469405,12742
AXB937461,1349
KXM534995,76082
SXG478936,65805
YXS450023,62980
LXR657631,32645
CXR859326,19699
AXF478107,43372
SXC333233,15943
VXK231442,76879
NXK158971,82403
RXS554382,9493
SXW234829,51608
MXB995663,58374
GXS857725,76864
NXF464704,42512
MXB352406,66233
IXL172367,54380
MXM707005,28925
GXB833868,11069
RXD453323,56921
CXL629635,93551
SXF282325,43747
GXD841381,42206
AXP695206,66765
GXD196760,43323
MXO870738,7820
VXT623470,60310
BXA453105,68490
EXF203238,20232
AXH849716,11614
HXE385566,83089
JXM537498,81342
TXR973791,27720
IXT591842,45033
GXH198644,31998
SXB501677,63274
SXO268719,2200
BXP514223,82070
IXE639665,36286
CXO401762,52940
CXT772687,17691
AXD852057,48152
SXT206131,26064
RXW861078,80205
SXC949517,60517
YXD775490,90426
KXF443332,34062
CXB493555,45190
EXB246784,23024
RXT694009,61836
RXM468056,25416
DXS942856,89417
TXD513803,79301
DXT821362,56137
GXO824708,16136
GXD765385,3308
AXS112241,23631
CXL414341,46059
HXD574962,21145
TXF641347,46320
DXE494065,52384
SXM930480,48968
GXB811307,26790
AXN286889,92274
AXM706364,69359
OXG251509,65227
CXH562925,59912
JXG726517,8076
JXO162003,81260
NXW809084,46314
TXU367452,80660
FXK279670,31869
DXT215689,14410
LXC194241,78457
EXB809870,95939
VXS510053,28004
FXP295337,26217
SXP116071,20647
NXW289337,63307
SXS164698,53764
WXJ510331,54269
TXH542842,62341
EXS460532,74411
CXS530624,42704
HXG999328,6163
RXC944071,74772
LXS416324,29832
GXW837768,79643
FXF834420,81923
PXE705215,74797
MXA429778,64124
NXK267726,66486
DXW863770,6557
MXM593843,37532
SXS844149,99105
SXG208057,19363
BXB643108,93142
HXF917168,72606
EXS102816,39949
DXH839728,67632
EXA421092,38136
GXB337272,91382
OXN979004,58721
KXB256286,13108
RXD817220,70418
JXH331047,87303
DXE261214,18600
MXP370736,68139
GXT904244,22006
RXY258180,48487
AXS481588,64089
EXM702172,27024
HXK545548,53265
KXK402324,83052
MXL287720,16301
FXN163140,86783
GXA221815,46136
TXP109093,59849
MXE914428,77334
BXI380874,78668
KXS265265,29389
IXM138865,60550
BXB944026,25722
EXB168130,56137
DXL334704,59267
MXB239442,38118
BXD223957,82955
PXH789647,98151
LXS235638,12196
GXJ282939,13940
KXJ476841,582
ZXV597920,27483
NXH302149,22636
RXC757028,12742
KXD110423,1349
BXM161981,76082
AXT219509,65805
GXK252314,62980
EXS514635,32645
SXH532767,19699
SXR380779,43372
CXS525507,15943
BXP649222,76879
EXC789142,82403
IXC579370,9493
DXW614719,51608
CXJ959207,58374
SXW691502,76864
WXA377455,42512
LXL298296,66233
CXR643131,54380
FXA360953,28925
SXH505233,11069
LXB665790,56921
AXC783422,93551
JXR759251,43747
RXG589185,42206
LXS782562,66765
TXW488759,43323
PXP438016,7820
EXF711704,60310
AXV468935,68490
LXK247687,20232
EXW987153,11614
VXS823211,83089
DXF816947,81342
CXB475840,27720
SXE333205,45033
RXS463532,31998
LXS126495,63274
AXC163560,2200
PXG894895,82070
SXS383996,36286
GXB440680,52940
GXM298236,17691
TXR307629,48152
AXP641886,26064
WXD563710,80205
HXL100382,60517
FXT487074,90426
AXE310073,34062
LXS744697,45190
MXL209597,23024
MXF661149,61836
PXA990471,25416
PXC193459,89417
GXM350890,79301
JXG363429,56137
CXD912239,16136
DXS484111,3308
DXR102233,23631
JXL672124,46059
BXR643398,21145
TXN988907,46320
DXK640794,52384
AXM407117,48968
SXG230470,26790
WXL693535,92274
PXE535126,69359
JXS466829,65227
YXB144999,59912
GXT442716,8076
CXV360536,81260
JXB345130,46314
FXW128407,80660
LXP583553,31869
TXK820933,14410
JXL460978,78457
GXK237660,95939
RXB880602,28004
DXL442339,26217
CXV448151,20647
RXM483484,63307
EXA616142,53764
DXH968233,54269
CXB163400,62341
VXB358810,74411
HXR119034,42704
AXP934506,6163
GXM814034,74772
CXO851913,29832
EXG573052,79643
NXH298702,81923
RXM742326,74797
NXP112906,64124
YXC174012,66486
LXM864814,6557
WXR478982,37532
KXR869297,99105
PXS352759,19363
GXH301054,93142
TXL800290,72606
SXJ877412,39949
RXL780915,67632
MXI729200,38136
YXR898394,91382
PXM737843,58721
RXM720583,13108
DXJ539764,70418
RXC524911,87303
MXS256775,18600
MXC594185,68139
EXG777305,22006
LXL143303,48487
HXT658822,64089
LXW404264,27024
DXM667721,53265
BXB298016,83052
GXP819057,16301
IXL549506,86783
KXC701155,46136
CXF909706,59849
JXR180592,77334
OXR764083,78668
MXS589513,29389
TXM807402,60550
AXC407521,25722
NXF129461,56137
WXF584154,59267
OXL871777,38118
CXW206649,82955
AXL858138,98151
DXD448533,12196
LXH584302,13940
DXP315768,582
AXD815364,27483
EXL587145,22636
AXT799312,12742
SXW597224,1349
CXC108566,76082
TXH295395,65805
GXB538508,62980
RXC601892,32645
EXG816818,19699
RXF974052,43372
AXR190691,15943
PXG354152,76879
AXB721183,82403
RXL223954,9493
DXV805270,51608
NXG392624,58374
DXL433537,76864
DXS270833,42512
KXP154510,66233
DXG275813,54380
TXS762659,28925
SXK156887,11069
TXM684197,56921
AXP848231,93551
CXJ869404,43747
BXB710063,42206
KXH581104,66765
LXS575185,43323
AXH396744,7820
YXW132706,60310
RXM593827,68490
WXT944996,20232
BXB105340,11614
MXW566929,83089
SXA126197,81342
EXA888051,27720
CXP793296,45033
KXB317541,31998
GXE320231,63274
NXR512064,2200
LXC653980,82070
WXE611753,36286
JXO868035,52940
JXM714353,17691
RXT260133,48152
CXC619943,26064
CXR507142,80205
LXG441946,60517
GXM764021,90426
SXG892724,34062
JXK921628,45190
KXP577226,23024
BXD491414,61836
BXS958224,25416
MXN514789,89417
JXC400301,79301
LXS870654,56137
KXB414527,16136
MXB774204,3308
DXC299253,23631
FXD974816,46059
LXC347646,21145
RXD418547,46320
WXP259679,52384
LXG642340,48968
MXC406043,26790
EXR737018,92274
FXH239201,69359
FXM323885,65227
AXH739555,59912
CXW243078,8076
WXG513099,81260
FXL908431,46314
SXB733953,80660
TXH684142,31869
CXM280903,14410
HXP360123,78457
JXT326226,95939
MXP354174,28004
MXD935052,26217
AXB318742,20647
GXC549274,63307
NXS612329,53764
CXF557246,54269
AXN884936,62341
NXO807816,74411
MXB803082,42704
EXY371024,6163
RXG722935,74772
EXD769955,29832
OXC562370,79643
SXS267971,81923
BXC261182,74797
JXM614145,64124
MXM164142,66486
RXM347082,6557
AXN242175,37532
JXP293572,99105
RXH103988,19363
DXC124265,93142
GXF629202,72606
BXS423810,39949
RXB107466,67632
SXM785372,38136
BXB491962,91382
SXP423774,58721
NXB446433,13108
BXG181250,70418
FXW685250,87303
DXO335075,18600
MXC600418,68139
BXR102528,22006
CXG127537,48487
NXF872904,64089
SXB721239,27024
CXM564597,53265
AXT933257,83052
LXK995573,16301
VXS351861,86783
RXD439356,46136
AXS537604,59849
CXS582943,77334
NXB794030,78668
MXE797916,29389
MXA116184,60550
RXB793710,25722
JXB837362,56137
TXB924513,59267
AXB246561,38118
JXC145152,82955
CXB566883,98151
PXD825065,12196
SXG654474,13940
FXL460678,582
RXL171710,27483
SXG401379,22636
SXM969570,12742
CXC739049,1349
NXR881365,76082
BXE474867,65805
SXE225470,62980
DXD750887,32645
JXT697537,19699
JXI887269,43372
CXF693232,15943
CXH255240,76879
NXL319138,82403
KXF499034,9493
EXS379011,51608
PXG293501,58374
DXC732860,76864
MXW898796,42512
BXD630401,66233
DXR168981,54380
MXF725418,28925
CXB864071,11069
KXD216814,56921
HXN998199,93551
AXS629189,43747
EXV572694,42206
DXH297237,66765
AXL419045,43323
MXF811441,7820
MXL837870,60310
FXH550195,68490
HXH580586,20232
DXO683984,11614
FXB345624,83089
KXK171712,81342
MXR273717,27720
AXC959798,45033
FXC145157,31998
JXM955960,63274
OXF804673,2200
AXT578768,82070
MXE765427,36286
RXP456254,52940
LXE101016,17691
PXS567105,48152
CXA723852,26064
TXS590353,80205
FXG789213,60517
EXG286688,90426
CXD763012,34062
DXK638947,45190
TXB128470,23024
FXS704192,61836
PXK514723,25416
GXS283305,89417
AXH600307,79301
DXS547436,56137
GXO781399,16136
EXL881063,3308
MXW295587,23631
LXJ102671,46059
PXC729537,21145
CXE938544,46320
CXG547342,52384
GXS875788,48968
NXP108790,26790
CXS905890,92274
TXB472450,69359
HXF754901,65227
CXG376090,59912
JXS637137,8076
DXC261516,81260
FXS128603,46314
GXC129804,80660
RXM768560,31869
TXS377835,14410
KXF102115,78457
WXJ892494,95939
RXR384536,28004
JXK269076,26217
GXM852668,20647
DXW626854,63307
CXE568098,53764
FXD241516,54269
HXC122126,62341
CXG317101,74411
EXP614923,42704
GXT683346,6163
EXB358450,74772
DXP255405,29832
DXS857790,79643
RXD676999,81923
LXC919372,74797
SXM249051,64124
MXA342073,66486
RXC782790,6557
MXL531929,37532
DXA263991,99105
AXR802795,19363
JXA919323,93142
GXd140687,72606
GXB153297,39949
NXM511959,67632
CXT465927,38136
TXI801993,91382
EXG504728,58721
ZXD223615,13108
CXL225973,70418
JXL748540,87303
JXE305274,18600
TXS464054,68139
CXC741534,22006
CXC224055,48487
MXF229827,64089
VXB982710,27024
MXM739271,53265
CXL659428,83052
GXB925781,16301
WXD294241,86783
IXF323426,46136
EXW726702,59849
KXH234820,77334
GXP446630,78668
PXR260854,29389
AXS689210,60550
LXI606604,25722
HXO575828,56137
JXB101073,59267
EXH677814,38118
GXB578688,82955
IXE914199,98151
TXM745809,12196
CXP217228,13940
KXG764274,582
DXH872376,27483
MXC405914,22636
PXB603600,12742
DXS668069,1349
FXG299891,76082
CXP613279,65805
RXM697772,62980
MXG171654,32645
BXS829107,19699
FXK866832,43372
JXL905067,15943
CXF427275,76879
JXG400491,82403
CXG919353,9493
IXB574801,51608
CXJ355443,58374
EXO870338,76864
HXL381920,42512
HXL763776,66233
EXB130417,54380
AXG145301,28925
PXB234215,11069
CXC816539,56921
BXZ410250,93551
KXT446039,43747
AXS496110,42206
TXH308879,66765
EXM472285,43323
MXA521701,7820
SXM188217,60310
FXB875564,68490
EXW863748,20232
NXR705417,11614
KXE978453,83089
VXV509015,81342
CXD884052,27720
CXM345603,45033
RXW395869,31998
JXD626494,63274
RXD916663,2200
IXB632707,82070
MXC224532,36286
DXM582316,52940
JXC513203,17691
KXC695286,48152
PXC693174,26064
KXS319594,80205
DXA285356,60517
MXS112866,90426
BXM955960,34062
DXB584371,45190
MXI997191,23024
AXS249737,61836
BXE314736,25416
MXC635212,89417
RXC825811,79301
BXD614662,56137
CXH449942,16136
SXA641123,3308
RXR116376,23631
CXM990501,46059
NXP130793,21145
OXL366396,46320
TXS858404,52384
RXH195213,48968
NXA881579,26790
TXF872018,92274
KXB643470,69359
BXT816296,65227
BXS741242,59912
TXT528434,8076
LXD768668,81260
BXK376735,46314
TXW951031,80660
JXC782048,31869
CXM545686,14410
KXS645913,78457
RXM558307,95939
AXW589734,28004
AXL596192,26217
MXK165519,20647
FXM117788,63307
DXE970314,53764
GXE852445,54269
JXV490171,62341
CXL115644,74411
MXD832892,42704
WXO328667,6163
TXN460300,74772
YXO774677,29832
GXW522086,79643
BXA124586,81923
SXJ826054,74797
DXF227047,64124
CXD425761,66486
FXH688076,6557
AXB884085,37532
SXG664502,99105
GXM892115,19363
NXB508369,93142
SXH331235,72606
SXR605473,39949
CXS901127,67632
MXR354055,38136
RXD462166,91382
GXM769712,58721
DXG686523,13108
LXV859623,70418
MXL146924,87303
DXD503865,18600
JXR224976,68139
KXP778273,22006
NXD814035,48487
WXC785418,64089
AXD108319,27024
JXM703501,53265
KXE899731,83052
MXB662135,16301
OXS464950,86783
GXH751542,46136
FXD691349,59849
LXC974452,77334
GXI272677,78668
MXG262547,29389
WXF835260,60550
PXB466414,25722
OXD853775,56137
AXW942971,59267
BXT230392,38118
MXH604898,82955
FXB414114,98151
OXP245894,12196
CXI944397,13940
JXT355008,582
FXD231805,27483
KXH739787,22636
BXD185253,12742
LXS578772,1349
OXF580740,76082
FXR905200,65805
CXL978456,62980
EXL400203,32645
CXJ470024,19699
AXT439692,43372
AXR887871,15943
NXR202362,76879
DXT767051,82403
BXB720058,9493
EXS668578,51608
BXA113432,58374
GXE933125,76864
KXK811220,42512
FXP212759,66233
JXK879948,54380
DXH697790,28925
HXC802252,11069
RXE709772,56921
SXV989871,93551
CXC785597,43747
PXM916888,42206
JXL201562,66765
SXA788056,43323
PXA526260,7820
AXJ950587,60310
TXJ893814,68490
GXP504617,20232
BXL673798,11614
JXF277608,83089
GXM228616,81342
MXA792949,27720
CXB900157,45033
MXH347908,31998
DXT720254,63274
MXM779267,2200
BXC553350,82070
UXM231738,36286
SXK620148,52940
VXC243970,17691
AXS374699,48152
PXA516425,26064
DXC509612,80205
KXB768464,60517
WXS358796,90426
EXB438899,34062
KXD155342,45190
BXM294661,23024
LXP840900,61836
TXP896604,25416
SXN151547,89417
AXB730092,79301
CXK179230,56137
JXA664959,16136
AXT544842,3308
BXL662203,23631
BXB765372,46059
VXG256349,21145
BXP775248,46320
BXH160546,52384
GXA814038,48968
SXA462840,26790
HXN434932,92274
TXB435917,69359
DXJ836233,65227
LXD332257,59912
DXD435100,8076
MXN589204,81260
JXG124708,46314
KXF686091,80660
AXH476963,31869
CXR665473,14410
GXJ488284,78457
NXE251765,95939
BXE892247,28004
BXM805373,26217
AXK151758,20647
SXT805593,63307
KXL908960,53764
HXG999596,54269
MXC923952,62341
SXL329244,74411
MXR779928,42704
KXG676500,6163
VXS692279,74772
PXS665847,29832
KXA141174,79643
AXM491129,81923
MXB172267,74797
UXG571519,64124
AXA921764,66486
AXL616772,6557
KXO519574,37532
JXY694542,99105
OXP689197,19363
PXK580076,93142
EXS169915,72606
BXW869588,39949
DXS324513,67632
KXR771867,38136
CXE239768,91382
YXD805287,58721
JXJ196303,13108
AXL819213,70418
DXR992517,87303
RXL465188,18600
OXC658893,68139
AXB741609,22006
JXK432335,48487
TXS793800,64089
CXB930790,27024
IXS249355,53265
BXC537035,83052
MXA885495,16301
TXG980284,86783
FXT341405,46136
NXT816198,59849
GXB965255,77334
CXS732619,78668
CXF371201,29389
DXM186520,60550
KXR949949,25722
JXM568808,56137
UXZ309251,59267
NXL210589,38118
CXM814968,82955
LXL295799,98151
PXH962439,12196
AXO512446,13940
FXS885700,582
FXK857716,27483
SXA440884,22636
GXM285440,12742
TXM910033,1349
AXR837542,76082
FXH724678,65805
DXM851959,62980
KXL684487,32645
CXF563016,19699
MXW354457,43372
WXB897477,15943
AXK595637,76879
EXG305938,82403
RXR333904,9493
SXD281170,51608
DXB437707,58374
MXP880649,76864
CXB547373,42512
SXM346898,66233
TXB661969,54380
MXQ840332,28925
SXA356598,11069
WXS812269,56921
YXL573349,93551
OXB874688,43747
RXD843213,42206
LXH897791,66765
NXR216196,43323
AXM110648,7820
IXJ384352,60310
CXE823925,68490
AXD198567,20232
TXB933781,11614
GXC234957,83089
BXR435758,81342
EXC749149,27720
EXB202415,45033
HXW870830,31998
DXK613236,63274
CXA993027,2200
AXR609247,82070
LXC648159,36286
GXB937443,52940
BXB787376,17691
GXM385964,48152
GXK396454,26064
EXD467941,80205
JXW758947,60517
KXK446880,90426
RXS363826,34062
EXG164896,45190
DXY237649,23024
WXS902193,61836
BXU823713,25416
EXB933714,89417
KXF746021,79301
NXA352789,56137
DXM241039,16136
JXM192222,3308
OXP874545,23631
CXD405293,46059
MXS154978,21145
BXC218246,46320
BXP635836,52384
JXC357001,48968
CXB594674,26790
TXJ895359,92274
BXG402395,69359
AXD738555,65227
AXC144999,59912
NXT348964,8076
LXL599615,81260
MXW611042,46314
BXS256356,80660
ZXD326071,31869
JXC712472,14410
TXC514371,78457
LXH914815,95939
SXM406661,28004
DXG693961,26217
TXS427096,20647
LXL296260,63307
KXG825051,53764
JXR141363,54269
VXB172970,62341
TXA409986,74411
KXT474845,42704
HXR434280,6163
GXC680566,74772
MXA561933,29832
SXC676802,79643
GXH310242,81923
MXD953385,74797
OXB918898,64124
EXW119323,66486
JXL829136,6557
CXG395354,37532
WXF389725,99105
TXM496753,19363
HXI451399,93142
AXL271021,72606
QXM668307,39949
VXG939754,67632
AXU428945,38136
EXW672642,91382
SXE965217,58721
AXP603768,13108
HXS338434,70418
JXS826313,87303
AXT253215,18600
GXF872040,68139
AXM371118,22006
CXA514013,48487
CXH583325,64089
AXJ515986,27024
DXB212162,53265
MXD185698,83052
IXW109499,16301
GXM647454,86783
TXS173172,46136
FXB596257,59849
CXM982802,77334
AXL961863,78668
MXL889340,29389
CXA420958,60550
BXK328361,25722
DXA182700,56137
HXC194757,59267
RXG824958,38118
BXS104402,82955
NXT893565,98151
CXG700464,12196
JXT592437,13940
IXC647271,582
SXR903697,27483
AXV617249,22636
BXK497561,12742
JXK979867,1349
KXJ375791,76082
GXW268164,65805
SXL371550,62980
NXI825120,32645
PXG763212,19699
EXJ893038,43372
MXG800485,15943
MXJ664012,76879
NXP138348,82403
WXR945696,9493
CXM248442,51608
KXH168573,58374
HXS558469,76864
SXP269333,42512
CXS799585,66233
DXB585111,54380
JXC919401,28925
EXR498480,11069
SXH472045,56921
GXS518556,93551
GXD942979,43747
HXR192764,42206
CXA730555,66765
MXD582933,43323
AXV144560,7820
RXA767402,60310
VXB852880,68490
TXJ716702,20232
DXB262529,11614
CXR203134,83089
LXP967122,81342
TXP636608,27720
OXL879008,45033
SXR382650,31998
DXK238851,63274
CXC975077,2200
HXW710311,82070
CXM465004,36286
KXS640532,52940
DXW233053,17691
WXB866167,48152
CXS820693,26064
KXM293407,80205
NXS123033,60517
SXC657401,90426
AXI687568,34062
JXS707499,45190
PXB553848,23024
AXT325812,61836
PXG437033,25416
PXL186243,89417
KXR865109,79301
SXE597558,56137
JXJ823017,16136
MXO265995,3308
NXJ370954,23631
WXD879157,46059
UXG236510,21145
NXW189190,46320
JXP261311,52384
KXG867579,48968
AXG204628,26790
EXR615140,92274
RXD431273,69359
TXO948653,65227
PXP460442,59912
AXF995159,8076
JXS137477,81260
NXF337766,46314
RXJ137920,80660
SXB788815,31869
HXP973018,14410
AXC633162,78457
SXB210531,95939
MXT264599,28004
AXB319747,26217
AXM495909,20647
MXO109214,63307
DXB533511,53764
TXO753912,54269
VXD326253,62341
LXL460740,74411
FXL616417,42704
PXL370850,6163
FXL372549,74772
PXR270100,29832
PXH630410,79643
BXS968180,81923
TXW393840,74797
HXA523260,64124
LXS736897,66486
AXG236728,6557
AXP380811,37532
LXB382681,99105
AXM503886,19363
RXH994374,93142
HXY640509,72606
IXR611726,39949
UXS210940,67632
RXG268693,38136
LXM904198,91382
HXL787606,58721
GXT841902,13108
KXG829114,70418
BXC145349,87303
AXR353776,18600
GXK947761,68139
GXD938050,22006
AXP685841,48487
LXJ845686,64089
NXL727284,27024
DXL268604,53265
CXM584948,83052
LXD526648,16301
AXC169628,86783
IXS579558,46136
MXG499238,59849
JXJ338231,77334
HXB864638,78668
MXV394875,29389
MXm755375,60550
EXC752443,25722
VXS216566,56137
TXC758849,59267
JXR177230,38118
FXR517686,82955
AXG608724,98151
LXS506870,12196
AXM549537,13940
DXC200906,582
PXP668915,27483
TXH673301,22636
HXP572796,12742
SXC206421,1349
DXS275314,76082
CXK243966,65805
NXS818828,62980
DXA969120,32645
DXM138206,19699
SXE854365,43372
SXE397674,15943
WXC899736,76879
UXR439327,82403
AXO899815,9493
TXL608883,51608
JXV337194,58374
EXL346133,76864
RXB654159,42512
JXG795456,66233
FXE732242,54380
DXG968478,28925
CXS822403,11069
TXA187148,56921
AXG745785,93551
SXL722537,43747
AXV532858,42206
WXK617133,66765
TXK826698,43323
SXP545604,7820
BXT178422,60310
BXC488395,68490
EXB439508,20232
CXM891653,11614
FXS382956,83089
RXT337798,81342
EXL612108,27720
MXL859506,45033
SXC336131,31998
TXO283543,63274
CXW376492,2200
BXC588523,82070
GXT841029,36286
ZXG532222,52940
EXC907282,17691
RXF706830,48152
CXS253006,26064
BXM842302,80205
JXC356542,60517
RXM289355,90426
HXD286192,34062
RXD185023,45190
CXA805794,23024
SXV743878,61836
BXE542128,25416
IXN891197,89417
RXK280188,79301
DXB681127,56137
LXH564362,16136
EXK884599,3308
HXB454825,23631
NXR328908,46059
EXS666397,21145
JXE650336,46320
AXL858405,52384
MXG406632,48968
VXS449477,26790
UXT908495,92274
TXW188529,69359
AXB612213,65227
VXL956179,59912
MXG484054,8076
JXM938683,81260
YXC896045,46314
TXJ278756,80660
LXC304337,31869
DXA636235,14410
CXC772449,78457
AXI584441,95939
KXS115877,28004
CXD788691,26217
ZXC349048,20647
CXH498898,63307
GXC416679,53764
CXL161038,54269
MXR557731,62341
WXG526415,74411
BXB637921,42704
FXY123350,6163
JXD137943,74772
EXH429518,29832
KXE357149,79643
UXF607936,81923
GXP718123,74797
BXH628333,64124
RXM886505,66486
LXS132801,6557
AXC948931,37532
ZXB514873,99105
LXS765133,19363
BXD318253,93142
RXB280400,72606
WXL897736,39949
PXM825342,67632
LXC388987,38136
JXC756568,91382
TXW885057,58721
EXE601029,13108
KXT409843,70418
SXG651351,87303
AXC542850,18600
DXH104267,68139
LXD485866,22006
CXS338749,48487
EXI816292,64089
MXS556192,27024
BXY109621,53265
BXL500456,83052
JXB681911,16301
JXB224463,86783
BXB823262,46136
CXN503048,59849
YXL863178,77334
KXW378126,78668
BXG872112,29389
LXT836700,60550
TXG444728,25722
SXG168135,56137
FXK302527,59267
BXR835357,38118
LXM191763,82955
FXE972175,98151
PXG262467,12196
LXG581014,13940
MXL323784,582
MXL413925,27483
MXR603631,22636
RXH880103,12742
NXB860559,1349
OXT471138,76082
AXT860913,65805
JXE609915,62980
CXB311907,32645
LXF215604,19699
BXC679707,43372
IXR351838,15943
LXM231944,76879
EXM572357,82403
KXS384795,9493
FXR230672,51608
KXK743813,58374
LXV588502,76864
ZXS306123,42512
BXC840423,66233
CXL835620,54380
FXC895348,28925
DXC748256,11069
AXT862528,56921
CXL529437,93551
DXR570377,43747
HXC347294,42206
AXH410323,66765
CXB773265,43323
EXT508262,7820
FXW515015,60310
MXA486760,68490
CXS214399,20232
DXR624097,11614
LXD733392,83089
RXH192903,81342
PXC740659,27720
JXH983622,45033
RXP520592,31998
AXS146086,63274
CXD383241,2200
MXF905837,82070
JXP238056,36286
TXG806430,52940
EXO358851,17691
PXB518488,48152
RXA902086,26064
DXM926793,80205
CXA347350,60517
OXS903924,90426
EXW992120,34062
PXM586023,45190
RXB789841,23024
BXD877254,61836
PXP962442,25416
WXY278743,89417
BXW542723,79301
SXS178794,56137
AXD550096,16136
QXB540363,3308
HXC789025,23631
KXD815018,46059
OXD806167,21145
RXD126118,46320
GXM220692,52384
LXK198554,48968
BXH604898,26790
DXA199932,92274
SXB411031,69359
CXB393030,65227
SXJ414669,59912
PXM338657,8076
LXC163123,81260
NXD656437,46314
MXD346401,80660
EXL961829,31869
CXS530393,14410
KXM360322,78457
GXP774699,95939
JXC886148,28004
CXP530485,26217
GXC359401,20647
BXT295416,63307
CXM366731,53764
JXM653485,54269
CXM317080,62341
LXL809354,74411
TXB158593,42704
MXM426527,6163
IXS989044,74772
DXO143978,29832
TXL387741,79643
VXM371224,81923
RXC114372,74797
WXR143361,64124
BXM827947,66486
AXB671132,6557
EXR633645,37532
MXH855715,99105
MXA741693,19363
JXK375017,93142
WXW376417,72606
SXD269905,39949
LXT647931,67632
DXF993478,38136
SXC941550,91382
SXC319743,58721
DXV791965,13108
EXH153683,70418
SXB931180,87303
LXT620643,18600
OXM463444,68139
EXB574455,22006
TXF265296,48487
TXS606146,64089
AXU777562,27024
MXC596102,53265
JXB644255,83052
BXB330082,16301
WXR445251,86783
HXB625857,46136
LXB882454,59849
HXB792947,77334
CXM587505,78668
BXR929768,29389
SXE390384,60550
EXP488644,25722
DXR436258,56137
LXA144256,59267
VXP818298,38118
LXB781616,82955
NXR139540,98151
GXS928847,12196
VXB265118,13940
HXP749132,582
TXA550622,27483
MXS153968,22636
FXS635515,12742
FXT690034,1349
CXR260552,76082
DXW670529,65805
LXC935880,62980
PXR406186,32645
CXL484445,19699
CXM621994,43372
CXD670789,15943
GXT508389,76879
DXS454253,82403
SXC649754,9493
PXR954972,51608
YXS706929,58374
HXH450040,76864
DXR476716,42512
CXG187037,66233
TXJ216017,54380
RXL954845,28925
RXA757393,11069
AXC566928,56921
GXK187075,93551
KXB881344,43747
BXP888237,42206
AXL544640,66765
AXH703464,43323
TXT924912,7820
CXW214524,60310
DXE714626,68490
GXB949863,20232
AXG802057,11614
EXO287984,83089
KXL826257,81342
RXS860624,27720
LXW193567,45033
EXA484556,31998
SXA309776,63274
LXW763197,2200
AXC884315,82070
AXS719766,36286
JXR983354,52940
FXM335256,17691
AXS758460,48152
KXJ813067,26064
SXV851165,80205
SXS969807,60517
PXD582822,90426
ZXS415461,34062
RXT407356,45190
WXD650234,23024
HXB811177,61836
VXV489866,25416
VXF681641,89417
AXA272240,79301
LXT589349,56137
NXM984764,16136
CXK983074,3308
EXB237648,23631
NXD910140,46059
GXH542768,21145
JXM102223,46320
MXB589986,52384
TXB235814,48968
ZXP190669,26790
GXD228066,92274
LXS405189,69359
AXR506396,65227
AXR605419,59912
GXR951462,8076
CXL667523,81260
WXR723271,46314
NXM251575,80660
LXG111720,31869
FXS270536,14410
FXB431057,78457
SXP332356,95939
LXI898496,28004
EXG475297,26217
KXL920210,20647
TXT804840,63307
KXR678809,53764
AXS939627,54269
MXH728228,62341
HXS286782,74411
CXT391520,42704
LXK549853,6163
OXP613945,74772
KXC510167,29832
PXG308998,79643
LXR736373,81923
VXL948901,74797
KXC501811,64124
PXS187945,66486
TXF899735,6557
FXB711293,37532
IXK598935,99105
FXM812808,19363
DXB130435,93142
HXA210931,72606
AXB799704,39949
EXD987304,67632
JXB442054,38136
SXJ578320,91382
MXT547984,58721
TXS499020,13108
NXP448435,70418
WXM959510,87303
RXS925520,18600
FXH836850,68139
CXR545297,22006
MXC859362,48487
VXM364465,64089
HXB468733,27024
GXA142252,53265
TXC692778,83052
SXE937989,16301
GXB901343,86783
AXK475123,46136
EXO371091,59849
EXA904930,77334
DXD627830,78668
AXS189973,29389
MXC853447,60550
LXM241639,25722
DXH718093,56137
IXO741548,59267
RXH407499,38118
JXB876375,82955
BXC306611,98151
AXB459731,12196
FXM426248,13940
FXL679341,582
EXM961098,27483
FXS433557,22636
AXM386179,12742
OXO276386,1349
SXM513611,76082
TXP356042,65805
DXA631102,62980
MXS867825,32645
JXM537867,19699
LXM943184,43372
GXB663583,15943
MXM187570,76879
TXB940644,82403
AXF740846,9493
TXE743209,51608
MXB731522,58374
CXF576143,76864
TXD708284,42512
RXB406512,66233
CXF351362,54380
PXB799596,28925
CXD814361,11069
CXF620985,56921
CXH278309,93551
LXK307698,43747
HXF105673,42206
WXC397177,66765
JXK422702,43323
AXN741990,7820
JXS864558,60310
SXA702506,68490
BXK498382,20232
KXR436491,11614
SXH111394,83089
CXD566213,81342
FXP603449,27720
FXD758489,45033
CXF349353,31998
SXD454115,63274
LXD320925,2200
SXV773442,82070
MXS563664,36286
HXG960302,52940
LXB142639,17691
KXJ171424,48152
LXS885191,26064
EXB123800,80205
WXS616318,60517
WXY950704,90426
JXO115924,34062
PXE472458,45190
AXD222074,23024
GXS774655,61836
AXB208555,25416
GXD646751,89417
CXM454196,79301
OXO735181,56137
RXM408794,16136
JXC115929,3308
FXK134565,23631
SXG794235,46059
KXB997386,21145
RXM838669,46320
SXP104100,52384
HXS771832,48968
WXP321504,26790
KXF758215,92274
KXJ743116,69359
JXD486379,65227
FXP780937,59912
LXP961025,8076
NXC841105,81260
VXP930892,46314
SXP519413,80660
JXC662034,31869
LXH724948,14410
LXE567469,78457
PXH898779,95939
BXG361056,28004
CXA543024,26217
HXR878563,20647
JXL540764,63307
NXP929325,53764
EXM900314,54269
LXD877282,62341
JXG270044,74411
AXF531876,42704
RXS316155,6163
VXB824687,74772
LXK155780,29832
BXA841700,79643
JXG725897,81923
KXA345670,74797
SXB479099,64124
EXG186879,66486
FXR192318,6557
DXS642799,37532
SXB358389,99105
CXP596308,19363
CXB172387,93142
CXG900622,72606
JXL628202,39949
PXD829880,67632
HXE415771,38136
ZXI411140,91382
MXC861614,58721
BXB788025,13108
LXA197098,70418
EXL949350,87303
ZXB546075,18600
EXR827414,68139
LXR987610,22006
MXS830337,48487
GXB122832,64089
GXK470183,27024
EXH580660,53265
RXO238093,83052
KXT471995,16301
KXD458100,86783
JXM242832,46136
EXM361366,59849
VXH374388,77334
NXV669672,78668
WXP393183,29389
YXP171918,60550
CXM791254,25722
OXT975735,56137
DXS437052,59267
SXU648961,38118
KXV626509,82955
HXB948167,98151
EXO714622,12196
SXS681193,13940
GXH738396,582
IXI668455,27483
GXF967871,22636
CXG628076,12742
HXB777984,1349
ZXP816536,76082
HXM641230,65805
EXE102667,62980
EXF702358,32645
KXE228977,19699
LXC302869,43372
LXd363083,15943
BXR786938,76879
SXS100329,82403
EXC857489,9493
TXA696171,51608
EXB984262,58374
PXL742081,76864
GXC325210,42512
AXW904094,66233
PXM490858,54380
CXB451437,28925
BXP446432,11069
DXR271361,56921
RXA912045,93551
EXS440734,43747
AXO117443,42206
RXP134941,66765
RXN188411,43323
EXS193870,7820
MXG548517,60310
SXL315526,68490
GXT276217,20232
SXC808857,11614
RXC641088,83089
RXY270181,81342
AXH243162,27720
FXH389471,45033
BXV246233,31998
CXM557286,63274
SXR222701,2200
HXP296953,82070
MXA620199,36286
LXK249341,52940
HXR630937,17691
RXJ411985,48152
RXZ889806,26064
PXB396343,80205
TXH310261,60517
EXJ911018,90426
OXS117481,34062
FXT832490,45190
LXF369357,23024
BXG134385,61836
QXD641633,25416
RXL117352,89417
MXF902527,79301
JXV502761,56137
IXM806110,16136
DXR258129,3308
NXG395976,23631
LXL233121,46059
EXM964426,21145
VXE774554,46320
LXK599879,52384
HXP481405,48968
MXG344687,26790
DXH140360,92274
RXT240415,69359
KXB379377,65227
DXV902545,59912
AXB662198,8076
JXY834169,81260
KXB501870,46314
JXC878815,80660
HXT464423,31869
MXP419226,14410
TXB301065,78457
YXG619530,95939
CXK374370,28004
FXP700575,26217
DXB975313,20647
JXA491303,63307
RXU989479,53764
LXM982728,54269
WXL772461,62341
MXT984505,74411
LXO194801,42704
AXD606348,6163
WXB642205,74772
SXM604536,29832
FXD888154,79643
AXV201271,81923
RXG964352,74797
DXG530027,64124
TXC760236,66486
CXC887110,6557
GXB317808,37532
DXF689585,99105
YXC871600,19363
UXB828135,93142
LXB118253,72606
TXP158654,39949
MXV248052,67632
BXB873442,38136
TXM586240,91382
KXO345194,58721
AXW900620,13108
TXO518894,70418
EXK448446,87303
FXR438077,18600
KXW771582,68139
DXG302305,22006
FXC513166,48487
EXT736248,64089
GXJ487192,27024
AXC819167,53265
LXE634682,83052
EXV172587,16301
LXM869708,86783
PXL547578,46136
AXT642796,59849
MXA354318,77334
PXN777678,78668
KXB986760,29389
SXH112460,60550
HXO374347,25722
KXA797466,56137
MXF423733,59267
MXY866913,38118
LXH405031,82955
PXK601318,98151
AXY954535,12196
RXM374965,13940
TXG681159,582
HXH845475,27483
AXA779585,22636
NXS146165,12742
BXS722582,1349
SXD745055,76082
FXA934754,65805
KXB163881,62980
DXH441505,32645
MXB584565,19699
SXR781256,43372
EXD341004,15943
FXM982497,76879
RXE248789,82403
LXG641286,9493
AXJ681590,51608
LXD921119,58374
SXP620678,76864
AXK755436,42512
SXK809030,66233
MXP744417,54380
DXS481662,28925
SXB234701,11069
KXC269585,56921
FXL766807,93551
HXB691292,43747
LXH142687,42206
SXL133780,66765
MXF921099,43323
DXG681396,7820
LXH585062,60310
YXO470583,68490
OXM147536,20232
LXS558024,11614
SXG230769,83089
TXH636018,81342
BXS871107,27720
HXG333605,45033
RXG152608,31998
IXR571418,63274
CXF204960,2200
EXC701622,82070
JXE817044,36286
CXW623678,52940
CXL650505,17691
AXM898719,48152
AXJ534072,26064
CXP439682,80205
YXL777909,60517
RXB915438,90426
VXL446047,34062
LXC589656,45190
KXS603010,23024
HXH667631,61836
KXM594865,25416
LXB887116,89417
PXH548668,79301
MXB787103,56137
OXW211027,16136
VXP594212,3308
JXW639998,23631
RXK657200,46059
LXA633970,21145
DXS694290,46320
NXP822549,52384
WXP786171,48968
GXM177247,26790
LXM520453,92274
AXC684791,69359
FXB477837,65227
RXS730542,59912
HXE375550,8076
KXE885184,81260
WXA741844,46314
EXB119555,80660
BXM989351,31869
LXP255935,14410
EXT595177,78457
MXL145217,95939
MXF920101,28004
CXR883318,26217
KXB435251,20647
CXC953290,63307
LXB518205,53764
KXD482507,54269
KXS449633,62341
MXK554220,74411
NXP445164,42704
SXN123881,6163
BXB660995,74772
NXC117160,29832
KXP178926,79643
SXL268333,81923
EXZ976895,74797
DXM687843,64124
DXJ904796,66486
TXG603865,6557
RXM239544,37532
JXK617639,99105
MXB877839,19363
GXH431678,93142
DXC268392,72606
ZXA241791,39949
DXM609794,67632
FXP817030,38136
RXS572598,91382
BXH513817,58721
FXO189261,13108
SXR401947,70418
MXP677630,87303
CXM786672,18600
GXP337490,68139
DXM711480,22006
SXL797858,48487
TXB789026,64089
EXZ845934,27024
SXG128940,53265
MXS698222,83052
XXS762489,16301
EXL439179,86783
BXB557147,46136
YXC815732,59849
DXN274652,77334
BXS990705,78668
JXA423066,29389
DXL246915,60550
AXB888980,25722
BXG837112,56137
NXR392773,59267
JXC256275,38118
OXR720625,82955
GXA612737,98151
EXK828891,12196
AXR880206,13940
HXF145776,582
DXH546003,27483
BXM946315,22636
TXS430544,12742
AXH128732,1349
SXW838455,76082
SXG340879,65805
LXP870819,62980
BXB690124,32645
EXC575886,19699
RXR270599,43372
KXF476592,15943
EXE445544,76879
MXJ884457,82403
CXL620227,9493
RXG765411,51608
RXR373124,58374
SXM191297,76864
BXB247714,42512
DXW114746,66233
KXA729046,54380
MXW750644,28925
EXL877036,11069
XXF468918,56921
RXB104888,93551
ZXW288620,43747
AXB961805,42206
WXB482485,66765
SXP143695,43323
GXQ630680,7820
DXL765795,60310
CXH141876,68490
SXB682529,20232
GXE617049,11614
TXR521631,83089
JXL811781,81342
JXK760087,27720
MXD555715,45033
VXV675943,31998
TXF315096,63274
SXB556495,2200
BXW129936,82070
HXS670374,36286
RXM395142,52940
CXR950625,17691
ZXL337570,48152
OXL637281,26064
RXI718088,80205
FXB153456,60517
MXW604182,90426
GXS997365,34062
DXG844909,45190
TXB368062,23024