﻿SName,SWebsite
School of Behavioral and Brain Sciences,https://bbs.utdallas.edu/
Erik Jonsson School of Engineering and Computer Science,https://engineering.utdallas.edu/
Naveen Jindal School of Management,https://jindal.utdallas.edu/
"Harry W. Bass Jr. School of Arts, Humanities, and Technology",https://bass.utdallas.edu/
School of Natural Sciences and Mathematics,https://nsm.utdallas.edu/
"School of Economic, Political and Policy Sciences",https://epps.utdallas.edu/
School of Interdisciplinary Studies,https://is.utdallas.edu/