﻿SName,SLocation
School of Behavioral and Brain Sciences,{'Northeast Campus'}
Erik Jonsson School of Engineering and Computer Science,"{'West Campus', 'South Campus'}"
Naveen Jindal School of Management,{'Southeast Campus'}
"Harry W. Bass Jr. School of Arts, Humanities, and Technology",{'East Campus'}
School of Natural Sciences and Mathematics,{'Northwest Campus'}
"School of Economic, Political and Policy Sciences",{'Northeast Campus'}
School of Interdisciplinary Studies,{'West Campus'}